일자별 수요예측 리스트 (단위 : MW),,,,,,,,,,,,,,,,,,,,,,,,
구분,1h,2h,3h,4h,5h,6h,7h,8h,9h,10h,11h,12h,13h,14h,15h,16h,17h,18h,19h,20h,21h,22h,23h,24h
20220101,"64,240","61,270","58,890","57,400","56,990","57,280","57,640","56,980","56,160","54,800","54,860","54,040","53,280","53,070","53,590","54,950","57,430","61,020","62,890","62,910","62,350","61,800","62,230","62,850"
20220102,"58,450","56,290","54,610","53,520","53,710","54,500","55,280","55,450","55,320","54,670","55,310","54,650","54,480","54,170","54,750","56,180","58,660","62,220","63,610","63,430","62,560","61,280","61,290","61,910"
20220103,"60,160","58,000","56,720","56,140","56,840","58,730","62,900","70,240","80,360","81,740","79,520","77,610","74,550","78,310","80,670","81,950","83,690","81,510","78,200","75,010","72,040","68,770","67,090","68,200"
20220104,"65,970","63,600","62,330","61,540","61,940","63,230","66,500","72,250","80,570","82,750","81,410","79,480","75,920","78,780","79,350","79,330","80,680","78,520","76,100","74,020","71,640","68,580","67,000","68,410"
20220105,"66,240","63,870","62,490","61,700","62,090","63,470","66,940","72,890","81,540","83,660","82,200","80,250","76,580","79,760","80,650","80,710","81,850","79,480","76,870","74,590","72,210","69,050","67,470","68,980"
20220106,"65,940","63,790","62,420","62,030","62,330","63,810","67,160","72,790","80,770","81,840","79,890","77,250","73,200","75,880","76,860","78,230","80,850","79,820","77,670","75,290","72,820","69,760","68,100","69,220"
20220107,"65,960","63,790","62,420","62,130","62,530","64,120","67,380","73,010","81,190","83,170","81,940","79,690","75,410","78,080","79,160","79,910","81,830","79,930","77,580","74,990","72,610","69,360","67,670","68,790"
20220108,"64,450","63,520","60,760","60,480","61,080","60,460","63,020","64,180","66,150","65,460","63,890","60,160","56,500","56,600","56,420","57,980","60,360","61,750","63,220","62,740","61,760","60,390","61,110","61,630"
20220109,"62,560","60,210","58,640","57,950","58,050","58,830","59,810","60,290","60,500","59,060","58,490","56,410","55,010","55,020","56,020","58,670","62,280","65,260","66,520","66,220","65,440","64,170","63,880","63,790"
20220110,"59,250","57,280","56,100","55,610","56,210","57,990","61,850","68,700","78,270","79,630","77,590","75,740","72,880","76,350","78,630","79,780","81,390","79,300","76,270","73,280","70,400","67,340","65,750","66,760"
20220111,"65,820","64,460","62,890","62,000","63,000","65,070","68,130","73,760","81,320","81,430","80,440","77,750","72,860","76,250","77,770","79,860","81,890","80,770","79,030","76,330","73,560","70,610","68,830","69,640"
20220112,"67,200","65,240","64,060","63,070","63,460","66,140","69,510","75,560","84,390","85,590","83,820","81,180","77,820","81,700","83,480","84,950","86,010","84,540","82,130","77,850","75,380","71,920","70,540","71,850"
20220113,"67,210","64,850","63,660","63,170","63,860","65,740","69,510","75,760","84,510","85,210","82,840","79,300","74,230","76,900","78,480","80,550","84,590","84,130","82,210","79,530","76,750","73,200","71,420","72,640"
20220114,"67,700","65,730","64,660","64,170","64,670","66,250","69,710","75,350","83,380","83,900","81,340","78,400","74,250","76,860","78,240","79,890","83,410","82,720","80,490","78,010","75,450","71,800","70,140","71,260"
20220115,"66,570","65,110","63,140","62,750","62,450","63,040","65,830","66,600","68,280","66,220","64,840","61,970","59,710","60,320","60,910","63,790","66,420","67,910","68,770","66,880","66,300","64,630","63,750","63,860"
20220116,"61,800","59,250","57,580","57,000","57,100","57,880","58,870","59,450","60,040","58,920","58,250","56,550","55,270","55,460","56,080","57,860","61,080","64,330","65,960","65,760","64,880","63,620","63,630","63,750"
20220117,"60,600","58,440","57,160","56,770","57,570","59,740","64,100","71,640","81,800","83,660","81,330","78,480","74,020","77,580","79,630","81,000","83,430","81,740","79,010","76,030","73,160","69,910","68,250","69,360"
20220118,"69,110","66,830","65,560","65,170","66,170","67,150","70,810","75,740","82,800","82,520","79,980","77,210","72,480","74,500","76,000","77,840","80,850","80,540","78,700","76,220","74,370","70,620","69,660","70,480"
20220119,"67,980","65,930","64,660","64,070","64,560","65,950","69,210","74,950","82,910","83,130","80,590","77,530","73,010","75,230","76,530","78,470","82,070","81,350","79,210","76,630","74,170","70,720","69,160","70,180"
20220120,"67,870","65,800","64,530","64,140","64,640","66,120","69,580","75,420","83,280","83,040","80,700","77,360","72,730","74,830","75,920","77,780","81,790","81,750","80,190","77,490","74,920","71,560","70,090","71,110"
20220121,"67,560","65,490","64,110","63,730","64,230","65,210","68,780","74,030","81,010","80,180","77,650","74,710","70,250","72,540","73,640","75,610","78,930","77,810","76,040","73,840","72,270","69,310","68,030","68,940"
20220122,"66,700","64,840","62,960","62,570","61,770","62,860","63,740","65,410","67,580","67,020","67,170","65,220","63,060","64,070","64,760","65,520","66,040","66,050","66,590","65,480","64,600","62,930","62,250","63,260"
20220123,"62,030","60,360","59,390","58,900","59,000","59,390","59,970","60,350","60,750","59,980","59,350","58,070","56,880","56,890","57,580","59,160","61,680","63,960","65,190","64,990","64,400","63,530","63,450","63,770"
20220124,"59,030","57,070","55,990","55,690","56,390","58,270","62,140","68,990","77,840","79,670","77,650","75,080","71,530","75,210","77,380","78,440","80,270","78,580","76,360","73,870","71,200","68,050","66,570","67,470"
20220125,"67,370","65,420","64,250","63,770","64,080","65,650","68,900","74,520","81,700","81,630","79,700","76,550","71,660","73,830","75,030","76,500","79,540","78,710","77,430","75,230","73,060","70,010","68,650","69,570"
20220126,"67,150","65,390","64,220","63,820","64,120","65,500","68,650","73,980","80,840","80,630","78,880","75,820","71,270","73,270","74,460","75,820","78,740","77,920","76,660","74,570","72,600","69,750","68,370","69,290"
20220127,"65,530","63,280","62,110","61,720","62,120","63,800","67,160","72,500","80,440","81,970","81,210","79,140","75,170","77,330","77,830","78,210","79,870","78,410","77,170","74,790","72,520","69,260","67,880","68,690"
20220128,"66,230","63,670","62,300","61,720","62,220","63,590","66,450","71,180","77,440","76,900","73,540","70,260","65,000","67,090","68,090","68,650","70,900","70,800","71,140","69,750","68,480","67,030","66,460","68,280"
20220129,"65,550","62,890","60,910","60,320","60,220","60,590","61,450","61,790","62,140","59,760","58,220","56,340","53,530","53,480","53,630","55,090","57,730","60,070","62,120","61,820","61,040","60,460","61,180","63,090"
20220130,"60,070","57,390","55,610","55,120","55,020","55,610","55,990","55,580","55,560","54,250","53,320","52,150","50,970","51,070","51,660","53,240","55,840","58,620","60,340","59,750","58,780","58,520","59,440","60,050"
20220131,"57,270","54,920","53,150","52,260","52,050","52,530","52,880","52,540","50,550","47,130","45,570","44,540","43,580","43,360","43,960","45,870","49,020","52,200","54,190","53,850","53,670","53,590","55,020","55,930"
20220201,"53,960","52,010","50,550","49,970","50,070","50,850","51,510","51,580","49,330","44,550","41,980","40,400","39,690","39,800","40,910","43,360","47,310","49,930","52,040","52,210","52,310","52,620","54,230","55,330"
20220202,"53,270","51,200","50,010","49,530","49,630","50,200","50,560","50,540","50,580","48,410","47,840","47,250","46,360","46,170","47,280","49,170","52,330","55,660","58,280","57,940","57,440","56,880","57,600","57,810"
20220203,"55,170","53,010","51,720","51,340","51,840","53,520","56,380","61,330","69,520","72,160","70,280","67,980","63,120","65,310","66,990","68,100","72,370","72,680","72,220","69,520","67,440","65,180","64,400","66,910"
20220204,"64,820","62,770","61,600","61,310","61,610","63,090","66,450","71,190","78,430","78,270","76,610","73,840","69,590","71,680","72,450","73,580","76,560","77,150","76,480","73,970","71,500","69,050","67,880","69,190"
20220205,"65,170","62,500","60,520","60,930","60,330","61,420","62,300","63,380","64,550","62,560","62,410","61,050","58,380","59,200","59,490","59,970","61,920","62,340","63,680","63,280","62,500","61,720","61,840","62,450"
20220206,"61,030","57,970","55,900","55,120","55,110","55,990","57,170","57,850","58,620","57,560","57,390","55,100","53,020","53,510","54,120","56,200","59,430","63,040","65,790","65,490","64,420","62,860","62,670","62,980"
20220207,"59,620","57,460","56,380","56,190","56,790","58,770","62,840","69,690","78,440","79,960","78,490","76,500","73,240","76,650","78,340","78,700","79,950","78,180","76,550","74,260","71,690","68,740","67,050","67,660"
20220208,"66,690","64,330","63,450","62,660","63,150","64,540","67,800","72,850","80,520","80,790","78,850","76,790","72,630","74,730","76,400","77,290","80,020","79,110","77,450","75,450","73,280","70,720","68,650","69,860"
20220209,"64,500","62,040","60,570","60,180","60,770","62,560","66,230","72,270","79,330","78,310","75,280","71,720","66,670","68,770","69,240","70,220","73,640","73,920","73,750","72,060","70,290","67,540","66,260","67,270"
20220210,"66,400","64,340","62,870","62,380","62,870","64,350","67,690","72,830","79,250","78,550","76,220","73,370","68,420","70,810","72,680","74,550","78,070","77,640","76,740","75,040","72,870","69,610","68,240","68,750"
20220211,"65,510","63,250","62,370","61,590","62,180","63,660","66,910","71,860","78,370","78,700","76,460","74,000","69,930","72,300","73,950","75,210","77,860","76,960","75,580","73,380","71,400","68,760","67,470","68,080"
20220212,"63,170","60,700","59,120","58,230","58,230","59,020","60,690","62,660","65,140","63,960","62,820","60,370","57,120","58,030","59,310","60,970","62,980","64,180","65,730","64,930","63,360","61,100","60,720","62,120"
20220213,"60,580","58,220","56,550","55,860","55,860","56,540","57,520","58,000","57,570","55,190","54,540","53,060","51,670","52,370","52,970","54,450","57,580","61,090","63,840","63,440","62,470","61,100","60,920","61,230"
20220214,"57,770","56,010","55,040","54,650","55,250","57,130","61,100","67,630","75,500","77,390","77,660","75,960","71,640","74,590","76,380","76,840","78,380","76,400","74,770","72,160","69,390","66,140","64,670","65,480"
20220215,"63,140","61,470","60,580","59,990","60,680","62,350","66,090","71,520","79,240","79,780","77,840","75,590","71,630","74,520","75,990","76,950","79,910","79,020","77,820","74,720","72,530","69,570","68,290","69,310"
20220216,"66,160","64,300","63,120","63,030","64,020","64,600","68,360","73,810","81,410","82,190","79,920","77,060","72,560","75,360","77,110","78,190","81,350","81,080","79,600","76,990","74,910","71,450","69,570","70,790"
20220217,"68,060","65,790","64,510","64,220","64,910","66,690","69,860","75,010","82,980","83,270","80,310","77,150","72,150","75,160","77,320","79,680","82,530","82,230","80,460","78,560","75,590","72,040","70,160","70,780"
20220218,"66,730","64,890","63,620","63,240","63,230","64,990","68,340","73,270","81,250","82,030","80,790","78,160","74,600","77,700","79,010","79,690","81,740","79,240","76,850","74,450","72,470","69,910","68,230","68,450"
20220219,"67,180","65,120","63,150","62,560","61,760","63,340","64,820","66,090","69,290","69,010","68,930","67,260","63,890","65,710","65,620","66,500","68,130","68,950","68,580","68,180","67,000","64,730","63,650","65,560"
20220220,"63,390","60,540","58,770","58,180","58,380","59,360","60,430","60,710","60,070","56,840","56,200","54,820","53,840","55,330","56,690","58,040","60,160","63,290","66,620","66,720","65,950","64,590","64,410","64,630"
20220221,"58,780","56,620","55,440","55,150","55,940","58,120","62,580","69,530","77,820","78,810","77,640","75,400","71,210","74,310","75,860","76,840","79,200","78,230","77,040","74,620","72,240","69,180","67,610","68,530"
20220222,"66,270","64,100","62,420","62,030","62,830","64,520","68,300","73,370","80,220","80,340","78,090","75,220","70,360","73,660","75,040","76,530","79,850","79,480","78,130","76,030","73,360","70,510","69,030","70,150"
20220223,"68,550","66,490","65,310","64,720","65,020","66,510","69,680","74,840","80,880","80,600","78,650","75,490","70,830","72,530","73,510","74,690","77,710","77,540","77,280","75,580","73,320","70,360","68,790","69,910"
20220224,"66,830","64,870","63,810","63,220","63,710","65,080","68,240","73,080","78,140","77,340","75,820","72,980","69,050","71,200","72,480","73,670","76,480","76,600","76,520","74,820","72,650","69,990","68,120","69,140"
20220225,"66,390","64,730","63,850","63,460","63,850","65,030","67,790","72,040","76,950","76,650","75,320","72,980","68,930","70,530","71,300","72,260","74,800","75,180","75,070","73,660","71,780","69,620","68,040","68,760"
20220226,"64,220","61,550","60,270","59,970","59,070","59,960","60,550","61,520","63,110","62,010","62,300","60,730","59,280","60,640","61,480","61,680","62,820","63,020","63,960","63,260","62,600","61,420","60,840","60,940"
20220227,"60,330","58,650","57,570","57,270","57,380","57,860","58,540","58,830","57,840","55,600","55,060","53,600","52,610","52,790","53,470","54,950","57,480","60,490","62,900","63,090","62,510","61,640","61,460","61,470"
20220228,"58,100","56,140","55,060","54,770","55,460","57,540","61,600","67,960","75,080","75,440","74,170","72,110","69,040","72,140","73,210","74,090","76,040","75,250","74,670","72,650","70,470","67,910","66,050","66,970"
20220301,"62,050","59,630","58,180","57,510","58,210","59,280","60,740","62,340","64,710","64,920","65,130","63,130","60,360","60,360","60,060","60,720","62,470","62,890","65,590","65,960","65,380","64,410","64,320","64,630"
20220302,"61,030","58,970","57,800","57,610","58,210","59,880","63,230","67,880","73,410","73,370","71,710","69,060","64,700","66,300","66,470","67,330","69,370","68,870","70,060","69,040","68,060","66,410","65,170","65,990"
20220303,"62,800","60,530","59,550","59,260","59,860","61,450","64,820","69,000","73,630","70,780","68,830","65,390","61,770","65,170","66,970","68,350","72,300","72,720","73,310","72,280","70,210","67,830","66,560","66,470"
20220304,"62,010","59,540","58,860","58,570","58,970","60,260","63,220","68,090","74,040","74,790","74,320","72,850","69,890","71,890","73,370","73,050","73,810","72,340","70,730","69,280","67,490","65,020","64,160","64,670"
20220305,"61,390","59,020","57,740","56,760","57,050","58,830","59,600","59,090","58,490","54,760","53,290","51,320","50,160","50,480","53,480","54,840","58,870","61,560","63,240","62,790","62,830","60,950","61,060","61,760"
20220306,"60,210","58,730","57,850","57,550","57,750","58,230","58,800","58,910","57,110","54,800","54,340","53,080","52,200","52,110","52,690","54,050","56,490","59,470","61,740","62,090","61,690","61,210","61,030","61,040"
20220307,"56,280","54,230","53,160","52,870","53,560","55,730","59,880","66,530","73,960","74,230","72,970","70,830","67,660","70,870","71,930","72,890","74,930","74,020","73,400","71,380","68,990","66,330","64,470","65,390"
20220308,"62,500","60,330","59,150","58,970","59,670","61,250","64,510","69,180","74,210","73,460","70,400","66,390","62,000","63,410","64,900","66,660","69,500","70,210","70,580","69,530","67,740","65,760","64,390","64,400"
20220309,"61,640","59,360","58,070","57,670","57,970","58,860","60,240","61,150","62,180","61,210","60,860","59,700","56,620","57,220","57,510","58,070","59,590","61,660","64,910","65,660","64,870","63,490","62,910","62,530"
20220310,"58,280","56,610","55,740","55,650","56,240","58,020","61,090","66,050","71,460","71,530","70,070","68,040","65,110","66,520","67,120","68,200","70,340","70,940","71,110","69,840","67,950","66,180","65,100","65,230"
20220311,"60,070","58,210","57,030","56,340","57,230","59,100","62,160","66,530","70,810","69,930","67,660","64,290","59,820","62,020","63,510","64,990","67,050","67,790","67,210","66,660","65,570","63,880","63,000","62,210"
20220312,"58,940","56,970","55,380","55,090","54,990","55,180","56,550","57,450","59,320","57,680","57,320","55,450","53,470","54,280","54,370","55,240","56,680","56,580","58,560","59,220","59,030","57,350","57,060","57,080"
20220313,"56,560","55,280","54,500","54,210","54,500","54,890","55,370","55,080","53,180","51,290","51,000","50,010","49,410","49,310","49,800","50,990","52,960","55,510","57,550","58,030","57,750","57,360","57,270","57,180"
20220314,"53,880","51,710","50,620","50,430","51,320","53,610","57,690","64,160","71,170","71,330","69,350","66,680","62,700","64,500","65,300","66,680","69,620","70,430","70,690","69,030","66,540","64,280","62,810","62,930"
20220315,"58,190","56,040","54,960","54,570","55,470","57,440","60,410","65,310","70,470","70,500","68,510","65,660","61,410","62,500","63,300","63,570","65,420","66,450","66,960","66,500","65,010","63,330","62,350","62,170"
20220316,"58,030","56,470","54,800","54,700","54,900","56,580","59,450","63,950","67,600","67,030","66,250","63,490","59,730","62,630","64,020","65,200","66,450","66,780","66,010","65,150","64,350","62,470","61,390","60,710"
20220317,"59,930","57,750","56,660","56,460","57,160","58,840","62,120","66,420","70,370","69,200","67,110","63,940","60,060","61,450","62,340","63,520","66,480","68,030","69,060","68,610","66,520","64,730","63,550","63,060"
20220318,"58,380","56,220","55,030","55,040","55,130","56,410","58,770","63,380","69,170","69,870","70,990","70,310","67,930","69,430","70,220","69,520","68,610","66,630","65,750","64,790","63,690","62,010","61,140","61,660"
20220319,"58,890","57,220","55,440","54,940","55,850","55,730","57,870","59,650","62,500","63,400","63,810","61,830","59,440","59,400","58,910","59,110","58,940","59,690","60,660","60,230","58,440","58,060","57,280","57,400"
20220320,"53,750","50,300","48,330","47,640","48,250","49,520","50,270","50,850","50,500","50,460","51,870","51,200","50,510","50,260","50,170","50,670","52,680","55,910","59,170","59,930","58,850","57,680","57,100","56,330"
20220321,"53,250","51,170","50,190","50,000","51,000","53,290","57,160","63,250","70,770","72,780","71,990","71,010","69,220","71,980","72,590","72,590","73,330","72,580","71,850","70,220","67,630","65,450","63,970","63,690"
20220322,"58,460","56,500","55,210","54,820","55,710","57,770","60,500","64,730","67,930","66,590","64,840","62,280","58,720","61,010","61,990","64,250","67,470","68,490","68,790","67,820","65,820","64,250","62,880","62,310"
20220323,"58,570","56,510","55,130","54,940","55,740","57,430","60,410","65,580","71,460","71,800","70,620","69,240","66,090","68,070","69,280","69,790","70,580","69,990","69,460","68,540","66,460","64,180","63,110","62,730"
20220324,"59,160","57,000","56,120","55,720","56,400","58,280","61,530","65,450","69,250","67,910","65,750","62,500","58,830","60,520","61,600","62,860","65,790","67,010","67,720","67,160","65,960","63,790","62,720","62,440"
20220325,"58,290","56,410","55,420","54,730","55,030","56,620","59,300","63,190","66,870","67,080","66,400","64,910","63,060","66,480","68,170","68,640","69,320","67,690","66,640","65,520","64,120","61,730","60,440","59,550"
20220326,"56,560","54,090","52,710","52,320","52,720","53,700","54,770","56,160","58,480","58,910","58,790","57,120","54,390","54,900","55,180","55,530","55,850","56,480","58,110","58,580","57,700","56,730","56,360","56,480"
20220327,"53,920","51,360","49,890","49,300","49,580","50,460","51,040","51,080","50,640","50,170","50,750","50,190","49,110","48,420","47,950","48,870","50,670","53,480","56,730","57,910","57,320","56,450","56,070","55,590"
20220328,"53,560","51,380","50,390","50,300","51,100","53,280","57,150","62,230","67,690","68,120","67,150","65,770","63,080","65,920","67,500","69,050","70,860","70,400","70,150","68,920","66,550","64,380","63,010","62,550"
20220329,"59,190","56,950","55,790","55,400","56,110","57,700","60,560","64,460","69,090","68,810","67,150","65,280","62,550","64,550","65,230","66,190","67,150","66,770","67,070","66,800","65,120","63,450","62,280","62,010"
20220330,"56,560","54,380","53,400","53,000","53,310","55,200","57,580","61,080","65,700","67,200","66,820","66,730","64,560","67,960","68,850","69,230","68,720","66,890","67,050","66,320","63,930","62,540","60,950","60,260"
20220331,"56,850","54,870","53,380","53,380","53,680","55,570","58,660","63,460","68,900","70,020","69,340","67,660","64,570","66,260","66,060","66,540","66,820","67,080","67,220","66,980","65,080","63,190","62,010","61,520"
20220401,"58,190","55,930","54,850","54,460","55,150","57,030","59,900","63,280","66,810","66,330","65,260","63,800","60,840","63,380","64,260","65,700","67,350","67,590","67,410","67,360","65,470","63,690","62,510","61,720"
20220402,"56,950","53,390","51,510","50,620","51,010","52,090","53,260","54,980","58,370","59,540","59,380","57,820","54,950","54,840","53,820","53,390","53,840","55,170","57,780","58,690","57,580","56,500","55,920","55,950"
20220403,"52,280","50,410","49,430","49,040","49,330","50,020","50,280","49,400","47,790","46,260","46,400","45,640","44,970","45,160","45,340","46,510","48,450","51,090","53,800","55,110","54,700","54,120","54,040","53,470"
20220404,"52,640","50,580","49,600","49,600","50,400","52,680","56,450","60,960","65,250","64,920","64,070","62,410","58,440","59,830","60,710","62,280","65,320","67,050","68,160","68,080","66,070","64,190","63,010","62,340"
20220405,"56,780","54,710","53,630","53,340","53,930","55,620","58,390","61,500","64,660","63,790","62,620","60,860","57,970","60,770","62,060","62,730","63,980","64,430","65,240","65,480","63,970","62,490","61,310","60,520"
20220406,"56,470","54,400","53,210","52,920","53,610","55,300","58,070","61,420","64,710","63,760","62,600","60,730","57,860","60,650","62,030","62,700","63,940","64,380","65,190","65,500","63,890","62,400","61,220","60,440"
20220407,"56,690","54,710","53,730","53,240","53,740","55,420","58,200","62,050","66,000","65,940","65,470","64,360","61,250","63,060","64,080","64,700","65,680","65,450","66,470","66,100","64,500","62,820","61,730","60,940"
20220408,"57,190","55,220","54,140","53,750","54,440","56,120","58,800","61,270","63,750","62,390","60,530","58,350","55,360","57,350","58,520","60,190","62,650","63,800","65,010","65,620","64,210","62,630","61,340","60,450"
20220409,"55,160","53,000","51,820","51,630","51,430","52,010","52,690","52,230","51,780","50,120","49,860","48,690","47,120","48,010","49,100","49,770","51,410","53,220","54,620","56,170","56,160","55,070","54,480","54,200"
20220410,"52,710","50,430","49,340","48,850","49,250","50,140","50,530","48,800","45,580","43,210","42,940","41,560","40,770","40,970","41,760","43,730","46,780","50,420","53,810","55,770","55,660","55,170","54,780","53,990"
20220411,"49,320","47,330","46,340","46,250","47,140","49,230","52,820","56,650","60,100","59,420","57,940","55,660","52,070","53,870","54,960","56,930","60,000","62,160","63,810","64,060","62,160","60,570","59,270","58,480"
20220412,"55,100","52,730","51,550","51,160","51,450","52,530","54,720","58,280","62,450","63,180","62,830","62,060","59,180","61,470","61,950","62,020","62,770","63,210","63,040","63,450","62,530","60,940","58,860","57,670"
20220413,"54,530","51,940","51,250","50,550","50,850","52,240","54,130","57,660","60,990","62,310","63,250","63,470","61,780","64,870","66,060","66,240","65,610","65,360","64,420","64,660","62,750","62,050","59,660","58,690"
20220414,"54,720","52,450","51,460","51,370","51,270","53,340","55,530","59,560","65,290","68,110","67,640","67,050","64,560","67,050","67,740","67,410","68,180","66,840","66,510","65,460","63,760","62,070","59,780","59,300"
20220415,"55,630","53,470","52,690","52,100","52,490","54,070","56,040","58,270","61,290","61,020","60,940","60,950","59,030","62,210","63,790","64,450","65,020","63,670","63,040","63,010","61,010","60,230","58,850","57,970"
20220416,"55,190","53,310","51,520","51,230","51,130","52,520","52,420","51,260","49,710","47,930","47,660","46,970","45,380","46,670","47,260","49,260","51,320","52,670","54,710","55,960","55,740","54,940","54,350","53,760"
20220417,"50,980","49,410","48,540","48,140","48,350","48,940","49,250","47,920","45,880","44,510","44,240","43,360","42,970","43,570","44,560","46,010","48,160","50,300","52,440","53,770","53,750","53,260","52,680","51,910"
20220418,"49,020","46,950","45,870","45,780","46,570","48,760","52,440","56,240","60,170","59,700","58,830","57,060","53,860","56,230","57,920","60,010","63,080","65,030","66,270","66,730","64,630","62,650","60,860","59,380"
20220419,"53,180","51,510","50,730","50,540","50,830","52,620","54,910","57,690","59,160","58,490","57,430","56,260","54,170","57,460","59,240","60,920","63,070","64,300","64,330","63,840","62,320","60,420","59,130","58,440"
20220420,"55,400","53,430","53,150","52,250","53,050","54,440","57,220","59,390","60,950","59,490","57,120","54,240","51,050","53,250","54,730","57,910","61,060","63,500","64,820","65,740","63,420","61,930","60,450","59,260"
20220421,"55,130","53,180","52,300","52,010","52,700","54,090","56,380","58,400","60,410","59,230","57,660","55,810","53,040","55,420","57,000","58,980","61,620","63,270","64,410","64,730","63,320","61,730","60,150","59,070"
20220422,"53,920","51,960","50,680","50,780","50,780","52,160","54,760","58,120","61,150","61,780","61,610","60,940","58,860","61,340","62,130","63,190","63,940","63,590","63,640","63,260","62,140","60,150","58,270","57,290"
20220423,"55,210","52,650","51,760","50,770","51,080","52,260","52,260","51,830","51,090","49,920","50,050","49,870","48,670","50,160","50,860","52,040","53,690","54,220","55,350","55,270","55,650","54,550","53,270","53,980"
20220424,"50,220","48,840","48,260","47,970","48,260","48,750","48,770","47,560","45,910","44,670","44,600","43,900","43,600","43,900","44,600","45,770","47,620","49,640","51,270","52,470","52,450","52,060","51,580","50,800"
20220425,"49,540","47,590","46,710","46,620","47,320","49,100","52,280","56,000","60,420","60,850","59,470","57,820","54,640","56,290","57,180","58,760","61,460","62,990","64,120","64,650","63,140","61,440","59,950","58,780"
20220426,"55,290","53,130","51,950","51,460","52,260","52,940","55,420","59,830","64,620","66,320","65,940","65,170","62,760","64,920","65,700","66,090","67,560","67,030","67,100","66,670","64,680","62,900","59,920","58,640"
20220427,"54,840","52,780","51,700","51,310","51,900","53,290","55,780","58,310","61,430","61,250","60,460","59,290","56,830","59,460","60,360","61,320","63,250","64,100","64,750","65,270","63,760","61,880","60,200","58,830"
20220428,"54,120","52,440","51,560","50,970","51,460","52,850","55,140","57,610","59,860","58,890","57,230","55,960","53,270","55,960","57,650","59,500","61,960","62,900","64,050","63,970","62,550","60,860","59,380","57,790"
20220429,"54,130","52,370","51,200","51,010","50,910","52,290","54,270","58,380","62,770","63,860","64,080","63,300","60,500","61,890","62,380","62,840","63,120","63,090","63,060","62,920","61,610","59,820","58,240","57,470"
20220430,"55,860","52,310","51,830","51,140","51,340","52,020","53,010","52,650","51,660","50,670","50,090","49,730","48,340","49,300","50,280","51,670","52,120","53,270","54,810","55,950","55,350","53,970","54,190","53,510"
20220501,"49,060","46,980","45,910","45,420","45,610","46,200","46,600","45,260","43,190","41,230","41,150","39,780","39,180","39,970","41,060","43,330","46,480","49,720","52,360","54,390","54,370","53,390","52,300","50,910"
20220502,"48,910","47,030","46,150","45,950","46,650","48,330","51,420","55,280","59,950","60,270","59,520","58,740","57,060","60,850","63,040","64,210","65,760","65,700","65,650","65,660","63,940","61,950","59,960","58,770"
20220503,"54,000","52,130","50,840","50,740","51,040","52,310","54,890","57,280","59,100","57,920","56,870","55,230","52,550","55,380","56,860","58,130","61,490","62,850","63,310","63,950","62,450","60,870","59,200","57,830"
20220504,"54,020","52,150","51,560","51,160","51,660","52,650","55,360","58,830","62,270","61,690","59,720","57,840","55,840","59,040","60,930","62,200","63,950","63,890","63,940","64,260","62,940","61,140","59,360","58,280"
20220505,"55,090","53,230","52,050","51,460","51,760","52,040","51,640","49,960","49,520","48,940","49,250","47,970","45,990","47,680","49,260","50,830","52,980","54,320","56,470","59,000","58,860","58,080","56,800","55,320"
20220506,"52,640","51,170","50,380","50,090","50,390","51,170","52,080","53,140","55,860","55,280","54,210","52,820","51,020","53,710","55,790","57,970","60,220","60,070","60,920","61,750","60,640","58,850","57,260","56,180"
20220507,"54,460","52,500","51,420","50,630","51,030","51,120","51,310","51,540","51,860","50,580","50,010","49,240","47,440","48,920","50,120","51,220","52,270","53,110","54,040","55,370","55,260","53,870","53,390","53,010"
20220508,"50,540","48,470","47,480","46,990","47,080","47,570","47,380","46,440","45,880","45,020","45,240","43,850","43,650","44,340","45,630","47,920","50,180","51,420","53,050","55,280","55,260","54,470","53,390","52,200"
20220509,"48,280","46,820","46,140","45,950","46,550","47,930","50,320","53,470","57,070","57,310","56,730","56,050","54,460","57,300","58,840","59,810","61,190","61,330","61,390","61,550","60,150","58,670","57,110","56,140"
20220510,"53,350","51,270","50,380","50,190","50,380","51,870","53,880","55,230","56,850","56,270","55,600","53,730","51,530","54,010","55,100","56,870","59,530","61,180","61,840","62,570","61,150","59,760","57,870","56,190"
20220511,"55,340","53,270","52,480","52,080","52,580","54,060","56,270","59,130","62,960","62,880","62,110","60,940","58,140","60,820","62,010","63,180","64,840","64,690","65,140","65,080","63,260","61,460","59,680","58,600"
20220512,"54,560","53,390","52,110","51,410","51,910","53,400","55,300","58,340","62,350","63,560","63,760","63,170","61,300","64,100","65,790","65,760","66,630","65,490","65,150","64,400","62,980","60,990","58,910","57,740"
20220513,"53,810","52,240","51,260","50,370","50,470","52,060","54,040","57,430","61,820","63,320","63,620","63,340","61,650","64,130","64,820","64,610","65,390","64,260","63,840","63,590","61,590","60,010","58,140","57,260"
20220514,"53,590","51,230","49,160","49,570","49,770","49,460","50,070","49,610","48,230","46,750","47,170","46,660","45,470","47,160","48,270","50,150","51,100","52,530","53,470","55,310","54,990","54,100","53,420","52,050"
20220515,"50,170","48,000","46,720","46,030","46,220","46,510","46,620","45,370","43,390","41,930","42,450","41,280","40,980","42,070","43,560","45,530","48,090","51,130","53,480","55,310","55,600","54,810","53,620","52,140"
20220516,"48,600","46,840","46,060","45,770","46,470","48,140","51,040","54,780","59,190","59,520","58,830","58,050","56,360","60,010","62,060","63,230","64,710","64,660","64,620","64,690","62,990","61,210","59,240","58,160"
20220517,"54,600","52,920","52,250","51,850","51,960","53,350","55,540","57,950","60,750","60,770","60,100","58,330","56,450","59,340","61,320","63,580","65,150","65,790","65,860","65,600","64,080","62,000","60,220","58,140"
20220518,"55,060","53,390","52,300","52,510","52,310","53,490","55,400","57,650","60,780","60,700","60,330","59,660","57,260","60,230","62,120","63,880","66,050","66,500","66,450","66,590","65,160","62,970","60,480","59,000"
20220519,"55,180","53,510","52,830","52,140","52,440","53,630","55,630","58,160","61,180","61,290","60,620","59,650","57,060","60,140","61,820","63,690","65,640","66,490","66,350","66,700","64,780","62,490","60,210","58,430"
20220520,"54,360","52,690","51,800","51,410","51,510","52,300","54,310","57,030","60,730","61,040","61,360","60,970","58,780","61,470","62,950","63,530","64,490","64,650","64,520","64,690","63,280","61,090","59,010","57,720"
20220521,"53,480","52,310","50,530","49,540","49,940","49,730","49,350","49,100","48,230","46,870","48,290","48,390","47,300","49,080","50,560","51,840","53,300","53,920","55,770","56,810","56,490","55,010","53,530","51,950"
20220522,"50,710","48,640","47,560","46,870","47,070","47,160","47,050","45,380","43,410","41,770","41,880","40,600","40,290","41,110","42,310","44,400","47,330","50,760","53,400","55,220","55,790","54,910","53,630","52,150"
20220523,"48,990","47,020","46,140","45,940","46,640","48,230","51,230","54,460","58,670","59,090","58,420","57,250","54,850","58,310","60,580","62,650","65,030","65,890","66,250","66,510","65,290","63,100","60,820","59,440"
20220524,"54,690","53,020","52,030","51,440","51,240","52,630","54,430","56,550","59,350","59,870","59,600","59,230","57,350","60,620","62,700","64,560","66,930","67,890","67,750","68,100","66,280","64,090","61,110","59,430"
20220525,"55,380","53,600","52,620","52,130","52,030","53,320","54,830","57,270","60,390","61,210","61,420","60,840","58,850","61,740","63,520","65,390","67,350","67,690","67,850","68,010","66,690","64,100","61,220","59,440"
20220526,"55,520","53,650","52,570","51,980","52,180","52,970","55,060","57,650","61,750","62,660","62,560","61,500","59,000","62,170","64,060","65,830","67,990","68,350","68,030","67,800","66,990","63,910","61,240","59,560"
20220527,"55,320","53,550","52,560","52,070","52,170","52,960","54,960","57,350","61,270","62,480","62,590","61,720","59,630","63,000","64,580","66,230","68,300","67,950","67,420","67,090","65,980","63,400","60,830","59,070"
20220528,"54,080","52,100","50,820","50,030","50,240","50,330","50,450","49,680","50,100","49,130","49,950","49,460","48,160","49,450","50,740","52,420","54,370","56,100","57,150","58,610","58,390","56,800","54,820","54,240"
20220529,"51,190","49,020","47,840","47,150","47,150","47,350","47,430","46,060","44,580","43,600","44,010","43,120","43,120","44,020","45,310","47,390","50,250","53,400","55,860","57,420","57,710","56,320","54,840","52,960"
20220530,"49,490","47,620","46,740","46,350","46,850","48,040","50,850","54,630","59,520","60,740","60,750","60,170","58,370","62,340","64,830","66,710","68,900","68,850","68,530","68,300","66,690","64,210","61,730","59,950"
20220531,"55,000","53,530","52,350","51,860","52,060","53,350","55,340","57,840","60,940","61,440","61,070","59,980","57,700","60,890","61,780","63,350","65,700","65,950","65,820","65,990","64,180","62,000","59,530","58,260"
20220601,"55,290","53,320","52,240","51,650","51,850","52,040","52,830","52,730","53,430","53,530","53,750","52,870","51,290","53,280","54,770","56,040","57,990","59,350","60,820","61,590","61,880","60,000","58,120","56,250"
20220602,"52,790","51,210","50,330","49,840","50,040","50,730","53,130","56,360","61,270","62,480","61,900","61,210","59,720","62,500","64,390","65,460","67,610","67,570","67,830","67,400","65,990","63,400","60,630","58,750"
20220603,"55,700","53,330","52,150","51,460","51,460","52,450","54,850","57,350","61,750","62,670","62,890","61,220","58,530","62,010","64,300","66,370","69,110","69,850","69,820","69,290","67,890","65,200","62,430","60,560"
20220604,"55,780","53,910","52,730","51,950","51,750","51,740","51,850","51,980","53,290","53,090","52,900","51,490","51,220","53,800","55,190","56,460","57,420","57,270","57,740","58,510","58,700","57,420","55,740","54,560"
20220605,"51,200","49,430","48,250","47,570","47,470","47,570","48,070","48,290","49,090","49,800","51,290","50,770","50,450","50,750","51,150","51,940","53,220","54,480","55,640","56,620","56,910","55,830","54,350","52,480"
20220606,"50,530","48,550","47,570","46,990","46,890","47,280","48,080","49,280","51,380","52,380","53,260","52,440","51,030","51,630","52,820","53,610","54,990","56,160","57,520","58,910","59,110","57,830","56,060","54,090"
20220607,"50,620","48,950","48,070","47,670","47,870","48,760","51,460","55,660","61,550","63,260","62,070","60,690","58,700","62,190","64,460","66,140","67,990","67,140","66,720","66,590","65,390","62,710","60,140","58,460"
20220608,"54,120","52,240","51,060","51,280","51,580","52,580","54,570","56,950","60,940","62,950","63,770","64,190","62,600","66,170","67,950","68,130","68,780","67,940","66,610","66,090","64,390","62,110","59,740","58,170"
20220609,"55,210","53,240","52,160","51,580","51,680","52,270","54,470","56,850","60,530","61,240","61,570","60,590","58,600","61,770","63,550","65,220","67,570","67,920","67,400","66,770","65,270","62,900","60,430","59,160"
20220610,"54,820","53,050","51,970","51,780","51,680","52,370","54,360","57,040","60,820","61,610","61,840","61,460","59,670","62,840","64,420","65,800","67,690","67,640","67,010","66,890","65,180","62,910","60,140","58,870"
20220611,"55,520","53,550","52,470","51,580","51,680","51,270","51,960","51,950","52,730","51,820","52,440","52,460","51,360","52,830","53,620","54,610","55,710","56,360","57,830","58,710","58,500","57,120","55,250","54,380"
20220612,"50,520","48,650","47,470","46,780","46,680","46,870","46,880","45,680","44,580","43,890","44,820","44,540","44,650","45,850","46,840","48,510","50,850","53,610","55,760","56,930","57,120","55,930","54,160","52,290"
20220613,"49,720","47,960","47,080","46,590","46,890","47,980","51,060","55,730","62,090","64,380","64,690","64,710","62,430","65,830","67,530","68,210","69,270","68,330","67,610","67,090","65,380","62,910","60,140","58,370"
20220614,"55,220","53,750","52,470","52,080","52,480","53,380","56,070","59,650","65,220","67,800","68,400","68,600","66,810","69,990","70,590","70,870","70,950","70,030","69,110","68,290","66,290","63,020","60,350","58,980"
20220615,"55,420","53,950","52,470","52,080","52,480","53,570","56,260","60,540","66,110","69,090","69,990","69,990","67,600","69,680","70,780","70,560","70,840","69,620","68,800","68,880","66,280","63,410","60,440","59,070"
20220616,"54,910","52,940","51,870","51,280","51,380","52,170","54,450","58,110","62,780","64,350","64,640","64,450","62,750","66,230","67,540","67,720","68,410","67,490","66,370","65,860","64,660","62,300","59,630","58,370"
20220617,"54,980","53,110","52,030","51,640","51,840","52,430","54,720","57,920","62,310","63,820","64,330","63,760","61,970","65,050","66,620","68,090","69,660","69,510","68,880","68,360","66,350","63,770","60,600","58,830"
20220618,"55,600","53,330","51,850","50,970","50,670","50,660","51,040","51,140","51,630","51,340","51,920","51,120","50,120","51,910","52,800","54,280","56,170","56,940","58,110","59,000","59,290","57,610","55,530","54,450"
20220619,"51,400","49,240","47,870","47,080","46,880","47,080","46,980","45,790","44,890","44,590","45,990","46,390","47,170","48,600","49,450","51,120","53,290","55,560","57,320","58,490","58,790","57,310","55,140","53,170"
20220620,"50,110","48,140","47,060","46,680","46,880","48,070","51,440","56,710","63,670","66,350","66,540","66,360","63,770","67,450","68,550","69,140","70,820","70,190","69,370","68,750","67,150","64,290","61,320","59,460"
20220621,"56,600","54,030","53,550","52,470","52,070","52,960","55,340","58,600","64,470","67,360","68,760","69,260","68,580","71,870","73,080","74,360","75,430","74,790","73,170","72,860","70,650","66,680","63,610","61,340"
20220622,"59,090","56,630","55,060","53,870","53,680","54,570","56,440","60,100","64,740","67,110","69,100","70,090","69,010","72,610","73,900","74,490","75,670","75,950","75,340","74,920","73,210","69,450","65,290","63,130"
20220623,"57,290","55,020","53,450","53,360","53,260","54,350","58,130","62,290","69,450","72,940","73,750","74,540","72,240","74,340","74,850","74,530","75,500","74,560","74,130","73,720","71,320","66,550","63,890","61,530"
20220624,"58,570","56,410","54,940","54,150","54,150","54,740","57,110","61,070","66,520","68,990","69,790","69,580","67,580","71,380","73,390","74,780","76,760","76,230","75,000","74,290","72,500","69,340","65,680","63,520"
20220625,"58,950","56,800","55,340","54,360","54,070","54,360","54,930","55,240","57,230","58,330","59,420","59,330","58,950","60,440","61,230","61,690","62,130","62,270","63,210","63,880","62,970","60,700","58,150","56,990"
20220626,"53,770","50,810","48,740","47,660","47,360","47,450","47,940","46,730","46,730","47,530","49,450","49,950","50,210","51,310","52,190","53,770","56,630","60,180","63,130","64,810","65,300","63,130","59,870","56,720"
20220627,"52,260","49,810","48,440","48,060","48,160","49,650","53,410","59,450","67,870","72,120","72,910","72,400","69,720","73,920","75,620","76,810","79,300","79,490","78,380","77,260","74,970","71,310","67,360","64,910"
20220628,"59,080","56,530","55,170","54,290","55,000","55,290","58,050","63,480","70,600","74,140","75,310","75,940","73,750","76,880","77,420","77,850","79,030","78,400","76,480","76,160","72,270","69,210","64,870","63,120"
20220629,"59,730","58,270","56,400","55,620","55,420","55,920","59,280","64,530","71,860","75,700","78,180","78,500","75,910","78,930","80,170","80,010","80,990","80,260","78,040","77,630","75,340","70,980","66,920","64,770"
20220630,"60,720","58,360","56,790","55,910","55,810","56,500","59,670","64,830","72,080","76,230","77,110","76,820","74,540","77,110","77,610","77,780","78,660","78,030","76,710","76,100","74,310","71,040","67,290","64,640"
20220701,"60,910","58,650","57,180","56,300","56,400","57,090","60,160","65,230","72,180","75,740","76,520","76,230","73,920","76,700","77,300","77,670","78,160","77,720","75,990","75,080","73,280","70,220","66,770","64,320"
20220702,"59,610","57,350","55,680","54,700","54,310","54,100","54,980","55,970","58,150","59,530","61,610","61,520","60,530","62,430","63,600","64,090","65,360","66,300","67,250","67,840","67,440","65,270","62,620","60,650"
20220703,"56,740","54,180","52,310","51,330","51,040","51,030","51,700","52,360","53,790","55,650","57,630","58,630","58,720","59,110","59,320","59,910","60,990","63,450","66,140","67,230","67,440","65,280","62,230","59,370"
20220704,"54,030","51,870","50,510","50,030","50,340","51,830","55,790","62,440","71,150","76,190","78,070","77,860","75,160","78,850","79,760","80,050","80,730","79,200","77,900","76,890","75,000","71,340","67,500","65,250"
20220705,"62,200","59,240","57,770","57,190","57,000","57,490","60,260","65,610","71,650","75,110","77,200","78,220","76,630","79,910","81,200","82,980","84,550","84,210","82,000","80,890","78,500","74,240","69,500","66,940"
20220706,"62,180","59,630","58,170","57,390","57,000","57,790","61,350","66,200","74,130","78,790","80,280","81,400","79,210","82,490","84,490","85,160","86,130","84,790","82,170","81,360","79,170","74,920","71,080","67,820"
20220707,"64,000","61,340","59,870","58,390","58,500","58,890","61,660","66,710","74,250","78,590","80,670","81,480","80,100","83,270","84,960","85,160","86,840","85,590","84,270","82,560","81,070","77,120","73,070","70,020"
20220708,"63,720","60,970","59,300","58,320","58,230","58,920","62,090","67,430","75,250","79,290","80,780","81,270","78,880","82,240","83,830","84,720","86,790","86,560","85,540","84,730","82,640","78,690","73,660","70,010"
20220709,"62,890","60,340","57,870","57,390","56,300","56,590","57,660","60,120","63,050","65,000","67,190","68,190","67,800","69,370","69,350","70,740","71,500","72,670","73,340","73,630","72,640","69,890","66,350","63,600"
20220710,"57,790","54,730","52,560","51,280","50,790","50,580","51,160","51,430","52,670","54,900","57,880","58,880","59,390","60,650","61,630","63,010","64,980","67,760","70,350","71,040","70,950","68,290","64,450","60,800"
20220711,"56,570","54,110","52,540","51,760","51,970","53,360","57,340","64,290","73,320","78,670","81,130","81,600","79,790","83,270","84,560","84,950","86,640","85,720","84,420","83,320","81,040","77,080","72,340","69,090"
20220712,"64,450","61,500","59,540","58,660","58,970","59,560","62,520","68,070","75,580","79,530","80,210","79,980","78,090","81,180","82,880","83,260","84,540","83,800","82,100","81,300","79,210","74,960","70,930","68,180"
20220713,"63,050","60,900","59,030","58,350","57,960","58,850","62,120","67,860","74,880","78,540","80,510","80,590","77,700","80,990","81,880","82,470","83,050","81,010","79,710","79,110","76,730","73,270","69,230","67,390"
20220714,"63,480","60,830","59,160","57,980","57,780","58,580","61,550","66,790","74,410","78,660","79,820","79,810","77,520","80,490","81,780","82,170","83,460","82,440","81,040","80,230","78,350","74,690","70,350","67,510"
20220715,"61,090","58,630","57,160","56,580","55,990","56,380","59,350","64,390","70,910","74,950","76,020","76,020","74,030","77,620","78,790","79,400","81,090","80,070","78,650","78,540","76,460","72,800","68,260","65,810"
20220716,"61,250","58,910","57,160","55,990","55,300","55,590","56,470","57,760","60,440","62,620","64,800","65,000","63,800","65,190","65,370","66,240","67,080","67,400","68,450","69,440","69,240","66,290","63,450","61,510"
20220717,"58,480","56,130","54,560","53,580","53,090","52,990","53,180","53,660","54,740","56,220","58,690","59,280","59,880","60,970","61,950","63,520","65,090","67,030","68,490","68,680","68,280","66,020","63,180","60,330"
20220718,"56,880","54,430","53,050","52,270","52,280","53,680","57,750","64,680","73,680","78,410","79,500","79,320","76,360","78,930","80,410","81,500","82,780","81,970","80,650","79,840","77,750","74,200","69,860","66,910"
20220719,"61,880","59,430","57,850","56,870","56,780","57,480","60,550","65,480","72,780","75,910","76,600","76,020","74,160","77,530","78,810","79,200","80,990","80,570","79,260","78,240","76,360","72,900","68,960","66,120"
20220720,"60,990","58,840","57,370","55,790","56,300","56,990","59,650","64,190","70,880","73,920","75,400","75,510","73,730","76,890","78,180","79,090","80,980","79,960","78,960","77,850","76,170","72,320","68,380","65,740"
20220721,"62,400","60,250","58,470","57,790","57,800","58,390","61,540","66,570","73,660","77,780","78,850","79,250","77,070","80,080","80,880","81,680","82,460","81,050","79,860","79,150","76,760","73,520","69,580","66,830"
20220722,"61,010","58,760","57,190","56,410","56,220","57,010","59,780","64,430","71,260","74,220","74,510","74,410","72,410","75,500","77,290","78,240","80,610","80,490","79,080","78,360","76,280","72,620","68,580","65,930"
20220723,"60,310","58,150","56,780","55,810","55,420","55,310","55,900","56,590","58,450","60,020","61,500","62,200","61,510","62,410","62,810","63,380","63,930","64,670","65,530","66,020","65,820","63,960","61,510","59,950"
20220724,"56,320","54,160","52,780","51,800","51,400","51,400","51,690","52,160","53,040","54,410","56,300","56,810","56,920","58,520","59,720","60,780","61,950","63,610","65,090","65,570","65,480","63,410","60,750","58,380"
20220725,"55,650","53,390","52,110","51,420","51,530","52,920","57,080","64,010","73,030","77,860","78,940","78,930","76,260","78,860","79,650","79,350","79,930","79,320","77,820","76,810","74,720","71,270","67,420","64,970"
20220726,"61,620","58,770","57,090","56,010","55,810","56,700","60,070","65,730","73,480","77,450","78,150","77,950","75,270","78,240","79,830","80,410","81,770","81,140","79,630","78,910","76,720","72,870","68,420","65,960"
20220727,"61,810","59,360","57,590","56,710","56,110","56,800","59,870","64,020","70,460","73,930","76,020","77,030","75,340","79,810","82,100","82,870","81,730","83,690","82,380","81,060","79,470","75,620","70,890","68,040"
20220728,"63,080","60,530","58,660","57,680","57,690","58,480","61,350","66,400","73,660","77,420","78,310","78,410","76,520","79,870","81,450","82,130","84,090","83,740","82,320","81,310","79,330","75,680","71,150","68,190"
20220729,"62,080","59,340","57,770","56,890","56,700","57,390","59,960","64,520","71,250","74,600","75,580","75,680","73,390","76,170","77,760","79,140","80,800","81,350","80,340","79,630","77,440","73,490","69,260","66,610"
20220730,"62,580","60,230","58,460","57,080","56,480","56,270","57,350","58,410","61,160","63,810","66,090","66,790","66,600","68,980","69,760","70,440","70,310","72,180","71,970","72,660","71,970","69,010","65,770","62,620"
20220731,"57,310","54,450","52,480","51,290","50,800","50,790","51,670","52,730","54,370","56,620","58,800","59,500","59,610","61,290","62,670","63,440","64,720","67,190","69,180","70,070","69,780","67,020","63,480","60,330"
20220801,"58,100","55,640","54,170","53,390","53,400","54,390","57,060","61,620","67,750","70,790","71,970","72,470","72,480","73,660","75,440","75,710","77,180","76,950","76,140","76,130","73,840","70,390","66,350","63,800"
20220802,"57,970","55,510","54,040","53,170","53,170","53,860","56,130","60,290","65,610","69,260","70,740","71,140","70,440","71,420","71,810","72,090","72,760","73,930","73,420","74,310","71,920","68,270","63,930","61,790"
20220803,"60,170","57,620","55,950","54,970","54,870","55,460","58,240","63,090","68,620","71,270","72,750","73,550","72,750","74,630","75,520","75,500","77,170","78,140","77,830","78,220","75,940","72,880","68,640","65,490"
20220804,"60,560","58,120","56,450","55,070","54,880","55,970","58,640","63,090","70,210","73,360","75,240","75,340","74,840","77,320","78,800","79,780","80,750","81,920","80,410","81,200","77,720","73,860","69,430","66,490"
20220805,"62,470","59,820","58,150","57,170","56,980","57,670","60,440","65,590","72,510","76,550","78,540","79,330","77,820","79,610","80,100","80,280","81,550","81,310","79,600","79,090","77,500","73,850","69,520","66,680"
20220806,"62,470","59,120","57,760","55,980","55,590","55,390","55,970","57,950","60,920","63,680","66,060","67,660","68,250","68,130","68,990","68,070","68,130","68,380","69,550","71,530","70,540","67,980","64,630","62,680"
20220807,"57,130","54,280","52,420","51,240","50,750","50,760","51,640","52,620","54,400","56,490","58,680","59,390","59,490","61,180","62,460","63,210","64,460","66,910","68,770","69,650","69,350","66,590","63,260","60,120"
20220808,"55,390","52,940","51,570","50,780","50,990","52,380","56,340","62,770","72,090","77,240","77,920","77,330","74,850","77,940","79,620","80,550","82,580","83,240","82,620","81,300","79,020","74,570","69,940","67,110"
20220809,"63,150","60,500","58,630","57,560","57,460","58,160","60,920","65,370","71,900","75,730","77,400","78,100","76,610","79,080","80,570","81,550","82,910","83,380","82,270","81,760","79,980","76,130","71,500","68,560"
20220810,"63,350","60,600","58,630","57,550","57,460","58,250","61,020","65,570","72,290","76,340","78,000","78,800","77,210","79,890","81,280","82,350","83,820","84,180","83,070","82,560","80,680","76,740","72,010","68,870"
20220811,"63,740","61,190","59,520","58,440","58,450","59,140","62,020","66,770","73,690","77,540","78,900","79,410","77,720","80,400","81,580","81,760","82,310","82,690","81,480","80,670","78,290","74,540","70,410","67,570"
20220812,"62,330","60,080","58,120","57,440","56,950","57,640","60,710","65,850","72,960","76,810","77,870","78,070","76,270","79,340","81,120","81,810","83,460","83,240","81,530","80,920","79,040","74,900","70,470","67,440"
20220813,"62,330","59,580","57,820","56,540","55,950","55,940","56,910","58,560","61,470","63,920","66,090","66,680","66,190","67,160","67,940","68,630","69,480","70,760","71,850","72,540","71,760","69,020","65,790","63,550"
20220814,"58,340","55,890","54,320","53,340","52,850","52,840","53,620","54,570","56,190","58,250","60,320","60,910","61,310","62,690","63,770","64,650","65,510","67,190","68,480","69,460","69,080","66,830","63,800","61,260"
20220815,"57,600","55,540","54,280","53,500","53,410","54,210","56,000","59,370","64,430","67,280","68,440","68,220","66,820","69,100","70,500","71,280","72,470","73,120","73,900","74,990","73,800","70,940","67,400","64,470"
20220816,"59,650","57,200","55,830","54,960","55,160","56,350","60,120","66,560","75,780","80,020","81,190","81,390","79,110","81,290","82,680","82,870","83,410","82,870","81,860","80,950","78,470","74,520","70,400","67,770"
20220817,"61,460","59,210","57,540","56,860","56,770","57,360","60,430","65,070","72,200","76,140","76,800","76,710","74,520","77,310","78,690","78,880","80,130","79,280","77,870","76,660","74,380","71,340","67,410","65,180"
20220818,"62,050","59,400","57,830","56,850","56,660","57,450","60,430","65,370","72,480","76,510","77,670","78,000","75,430","77,900","79,290","80,180","81,640","81,510","80,200","79,590","76,910","72,960","68,820","66,280"
20220819,"61,360","58,910","57,440","56,660","56,470","57,260","60,120","64,970","71,900","75,840","76,900","76,810","74,320","76,310","77,290","77,480","78,930","79,090","77,780","76,970","74,490","70,850","67,020","64,880"
20220820,"61,660","58,500","57,330","55,950","55,060","55,150","56,040","58,020","60,980","63,640","65,710","67,100","66,690","67,780","68,370","68,760","68,720","69,590","70,260","71,050","69,660","67,400","63,750","61,990"
20220821,"57,570","55,520","54,150","53,270","52,880","52,870","53,560","54,440","55,810","57,580","59,270","59,760","60,050","61,240","62,220","62,900","63,670","65,030","66,200","66,990","66,690","64,730","62,190","60,040"
20220822,"59,210","57,060","55,790","55,010","55,120","56,310","59,570","65,320","73,640","77,380","78,450","78,650","76,570","78,550","79,840","79,930","80,470","79,930","79,020","78,210","76,030","72,490","68,760","66,430"
20220823,"62,790","60,140","58,760","57,980","57,690","58,580","61,550","66,270","73,710","77,450","78,970","79,250","76,940","79,880","81,350","82,130","83,230","83,010","81,310","80,400","78,420","74,270","70,160","67,410"
20220824,"62,900","60,540","58,670","57,980","57,990","58,580","61,950","67,200","74,730","78,880","79,960","80,040","77,650","80,940","82,030","82,420","83,090","81,970","80,260","78,950","76,970","73,420","69,670","66,820"
20220825,"60,220","58,260","56,590","56,010","55,820","56,600","59,770","64,620","71,360","75,110","75,880","75,760","73,950","76,820","77,980","78,270","79,050","78,220","76,810","76,000","73,730","70,180","66,840","64,200"
20220826,"58,490","56,230","54,760","54,480","54,390","54,880","57,450","61,700","66,440","68,310","68,480","67,770","65,800","68,270","69,760","71,350","73,730","73,890","73,080","72,370","70,990","68,050","64,900","63,050"
20220827,"58,420","55,860","53,990","53,110","53,420","52,600","53,380","53,530","53,890","53,750","56,050","56,760","56,970","59,140","59,720","61,110","62,060","62,420","62,610","62,490","62,820","60,570","58,930","57,280"
20220828,"54,620","53,660","53,090","52,710","52,520","52,510","52,800","52,990","53,280","53,970","54,750","55,040","55,220","55,700","55,990","56,470","57,040","58,010","58,580","58,870","58,580","57,610","56,460","55,500"
20220829,"55,660","53,890","52,920","52,330","52,340","53,430","56,000","60,360","66,090","68,950","69,840","70,140","68,840","71,120","72,600","73,290","74,460","73,930","73,110","72,510","70,330","67,480","64,340","62,300"
20220830,"59,000","56,640","55,070","54,390","54,900","55,580","58,650","62,990","70,320","73,490","74,690","74,400","72,020","74,790","74,880","74,600","74,680","73,230","72,610","71,800","69,320","66,470","63,630","61,970"
20220831,"57,640","55,380","54,000","53,620","53,530","54,010","56,680","61,320","66,940","69,710","70,410","70,520","68,430","71,000","72,090","72,230","73,320","72,170","70,950","70,640","68,360","65,910","62,760","60,900"
20220901,"56,060","54,390","53,520","52,830","52,840","53,720","55,990","59,140","63,480","64,440","64,530","64,130","61,930","65,800","68,300","69,700","72,190","71,160","69,750","68,140","67,170","64,220","61,860","60,000"
20220902,"57,150","55,590","53,610","53,230","53,130","53,720","55,790","59,540","63,980","66,630","67,510","68,000","66,400","69,390","71,180","72,270","73,270","73,050","71,650","70,840","69,560","66,700","63,150","61,890"
20220903,"57,040","55,480","53,810","53,230","52,440","52,430","53,320","54,190","56,530","58,090","59,550","60,330","59,730","61,420","62,930","62,740","62,720","62,500","62,890","63,570","62,980","61,120","58,670","57,610"
20220904,"53,580","51,720","50,450","49,660","49,470","49,750","50,120","49,970","49,600","49,860","51,140","51,350","51,640","52,610","53,600","54,900","57,100","59,290","60,790","61,280","60,600","58,950","56,790","54,930"
20220905,"52,840","50,890","49,630","49,050","49,360","50,940","54,600","61,020","69,420","73,460","74,440","74,650","72,050","75,010","76,210","76,340","76,940","75,710","74,700","74,390","71,620","68,180","64,440","62,590"
20220906,"57,870","56,000","54,630","54,040","54,340","55,230","58,500","62,860","68,910","70,580","70,580","69,280","66,090","69,080","70,380","71,370","72,750","72,230","71,310","70,710","68,230","65,360","62,100","60,530"
20220907,"55,780","53,810","52,630","52,150","52,150","52,750","55,120","58,570","62,520","63,790","63,470","63,190","60,820","63,680","65,260","67,140","68,830","69,230","68,820","68,310","66,230","63,570","61,220","59,450"
20220908,"57,010","55,060","53,890","53,300","53,300","54,190","56,760","59,820","63,180","63,740","63,140","61,890","59,920","62,400","63,500","64,090","64,840","65,690","65,860","65,940","64,060","61,600","58,840","57,470"
20220909,"53,440","50,970","49,090","47,800","47,200","46,790","46,470","45,560","43,960","42,060","40,950","40,150","39,860","40,750","42,240","44,710","47,170","50,130","52,210","52,600","51,810","50,640","49,270","47,700"
20220910,"44,950","43,200","42,120","41,440","41,540","42,130","42,800","42,460","40,850","39,070","37,780","36,820","37,460","38,770","40,230","42,190","44,350","46,400","48,650","49,930","49,740","49,170","48,410","47,040"
20220911,"44,740","43,080","42,100","41,620","41,830","42,520","43,000","43,090","42,570","41,830","41,570","41,050","41,340","42,320","43,640","45,940","48,640","50,500","52,580","53,570","52,990","52,040","50,770","49,310"
20220912,"46,510","44,640","43,560","43,080","43,190","43,980","44,770","45,760","47,430","48,400","49,540","49,520","48,720","49,500","50,610","51,620","53,320","54,580","56,360","57,350","56,370","55,010","53,350","51,680"
20220913,"48,800","46,930","46,060","45,670","45,970","47,550","50,320","54,880","61,230","63,810","64,280","63,980","61,900","64,880","66,770","67,670","69,250","68,730","68,630","68,020","65,540","63,180","60,520","59,040"
20220914,"56,506","54,446","53,079","52,089","52,087","53,076","55,657","59,433","64,604","66,374","65,760","64,879","63,285","66,277","67,866","69,046","71,010","71,277","70,561","70,062","67,381","64,517","61,755","59,985"
20220915,"57,070","54,720","53,260","52,170","52,070","53,150","56,130","60,370","66,210","68,260","67,550","66,580","64,790","68,180","69,980","71,380","73,550","73,720","73,000","72,390","69,410","66,150","63,000","61,030"
20220916,"56,060","54,100","52,630","51,850","51,850","52,930","55,900","60,250","65,880","67,930","68,120","67,640","65,850","68,740","70,540","71,530","73,010","72,770","71,960","71,150","68,280","65,320","62,370","60,600"
20220917,"58,170","55,810","54,530","53,640","53,250","52,840","53,920","54,600","56,960","58,510","60,080","61,000","60,600","62,180","63,790","63,780","63,860","64,030","65,120","65,400","65,120","62,160","59,900","58,430"
20220918,"52,860","50,500","49,020","48,150","47,950","48,440","49,030","49,730","50,410","51,190","52,530","52,800","53,290","54,470","55,580","57,090","59,080","61,040","63,020","64,110","62,940","60,470","57,810","55,340"
20220919,"52,780","50,910","49,840","49,250","49,560","51,040","54,510","61,050","69,070","72,920","73,700","73,720","71,720","74,200","74,790","74,500","74,400","72,580","71,080","69,870","67,110","64,050","61,300","59,640"
20220920,"56,890","55,020","54,250","53,660","53,560","54,550","57,120","60,480","64,940","65,210","64,810","63,920","61,830","64,820","65,900","66,790","68,570","68,230","67,420","66,410","64,930","62,070","60,410","58,530"
20220921,"55,970","54,210","53,140","52,550","53,250","54,340","56,410","59,190","62,460","62,930","62,390","61,680","60,080","63,430","65,610","67,690","69,140","69,100","67,690","67,490","65,610","63,060","60,500","59,140"
20220922,"55,420","53,650","51,970","52,190","51,890","53,180","55,340","58,000","62,060","63,250","63,760","63,880","62,090","65,960","67,840","69,340","69,700","68,170","66,750","66,250","64,680","62,320","60,160","58,700"
20220923,"55,020","52,860","51,680","51,690","51,590","52,780","54,740","58,410","62,890","63,980","64,800","64,720","62,830","65,800","66,970","67,730","68,220","66,610","65,170","64,770","63,300","60,930","58,650","57,480"
20220924,"55,800","53,140","51,870","50,980","51,090","51,380","52,260","51,760","51,160","50,360","50,750","50,070","48,770","51,760","52,850","54,020","55,890","56,050","56,510","57,390","56,480","55,300","54,140","53,770"
20220925,"51,830","50,860","50,170","49,890","49,790","49,880","50,070","50,370","50,660","50,960","51,340","51,440","51,730","52,500","53,180","53,670","54,550","55,420","56,200","56,490","55,810","54,840","53,670","52,600"
20220926,"52,720","51,150","50,170","49,590","49,690","50,880","53,650","57,910","63,660","66,430","67,230","67,440","64,760","66,750","67,540","67,820","69,000","68,380","67,370","66,070","63,500","61,230","58,970","57,400"
20220927,"54,520","52,660","51,680","51,390","51,390","52,380","54,650","57,740","62,040","63,230","63,250","62,260","60,760","63,620","65,070","66,440","67,920","67,390","66,860","66,060","64,580","62,120","59,750","58,380"
20220928,"52,320","50,350","49,370","48,980","49,290","50,670","52,640","56,690","61,670","63,970","63,870","64,290","62,890","66,560","67,620","69,020","70,500","69,370","68,350","67,350","65,770","63,410","60,440","59,170"
20220929,"54,710","52,850","51,670","51,080","51,390","52,670","55,240","58,490","61,560","61,670","61,370","60,380","58,290","61,960","63,820","65,720","68,600","69,060","68,940","67,640","65,260","62,900","60,140","58,570"
20220930,"53,030","51,160","49,990","49,300","49,800","50,480","52,550","55,020","58,110","59,210","59,930","60,240","58,240","62,190","64,180","66,160","67,620","67,280","66,760","65,960","65,080","62,020","58,950","57,980"
20221001,"53,930","51,870","50,500","49,610","49,520","50,000","50,780","50,970","51,080","50,490","50,800","50,320","49,130","51,010","52,760","54,590","56,660","57,420","58,580","58,870","57,690","56,030","54,060","53,000"
20221002,"51,220","49,660","48,580","48,100","47,900","48,280","48,660","48,960","49,380","49,600","49,910","49,730","49,960","50,920","51,870","52,830","54,380","55,820","57,370","57,860","56,980","55,520","53,870","52,400"
20221003,"49,530","47,870","46,900","46,410","46,510","47,700","49,380","52,360","56,450","58,050","58,570","57,870","55,490","57,640","59,010","60,650","62,510","62,880","63,750","63,350","62,070","60,110","57,850","55,880"
20221004,"53,730","52,160","51,480","51,190","51,590","52,970","55,540","59,800","64,860","66,460","66,360","65,860","63,350","65,630","67,210","68,200","69,390","69,070","68,850","68,050","65,870","63,710","61,750","60,480"
20221005,"52,930","51,360","50,480","49,700","49,900","51,580","54,350","57,430","60,830","61,620","61,140","60,760","59,070","62,860","64,130","64,380","66,220","65,480","65,060","64,840","62,980","60,730","58,740","57,570"
20221006,"54,630","53,060","51,880","51,600","51,900","52,680","55,750","59,520","64,180","64,570","64,220","63,040","61,030","63,860","65,440","66,510","67,590","66,280","65,450","64,340","62,980","61,130","59,650","58,180"
20221007,"54,330","52,560","51,480","50,890","51,200","52,480","55,150","58,730","62,120","62,140","61,130","59,550","56,760","59,650","61,430","63,190","65,940","66,890","67,060","65,760","63,890","61,830","59,260","57,980"
20221008,"52,920","51,250","50,080","49,390","49,290","49,770","50,350","50,540","50,510","50,010","50,300","49,910","48,910","50,480","51,850","53,410","55,080","55,770","56,760","56,960","56,080","54,710","53,050","52,180"
20221009,"49,120","47,350","46,070","45,580","45,480","45,970","46,560","47,160","47,950","48,440","49,820","49,620","49,920","50,210","50,510","50,690","51,770","52,930","55,110","54,900","54,410","53,540","52,370","50,890"
20221010,"48,430","46,860","45,890","45,500","45,700","46,680","48,350","50,850","53,650","54,460","54,580","54,480","53,690","55,460","56,620","57,880","59,610","60,290","61,670","61,380","60,300","58,630","56,760","55,200"
20221011,"53,020","51,650","50,980","50,690","51,090","52,370","54,840","58,830","63,620","65,100","65,000","64,510","62,230","64,290","65,770","66,730","67,790","67,470","67,250","66,550","64,470","62,510","60,640","59,480"
20221012,"52,625","50,661","50,484","49,894","49,997","51,780","53,644","56,027","59,428","58,746","58,110","57,443","55,772","59,223","61,699","62,851","64,280","63,718","64,692","64,180","61,999","60,631","58,749","57,180"
20221013,"55,135","53,165","52,388","51,698","51,988","53,471","56,338","59,333","62,537","61,662","60,698","58,934","56,450","59,919","62,093","64,354","66,492","66,735","66,702","65,780","63,695","61,826","59,741","58,666"
20221014,"54,915","52,743","52,169","51,281","51,676","53,060","55,527","58,517","61,532","61,063","59,918","58,642","56,252","59,908","62,176","63,937","66,092","66,039","66,002","65,095","63,110","61,040","59,255","57,980"
20221015,"54,824","52,857","51,381","50,893","50,689","51,376","52,558","51,961","51,578","50,001","49,830","48,747","47,551","49,423","50,793","52,446","54,683","56,038","57,506","57,505","56,418","55,441","53,864","53,182"
20221016,"48,319","46,852","45,872","45,486","45,281","45,669","45,955","46,245","46,644","46,800","47,036","46,853","47,060","47,940","48,831","49,719","51,170","52,535","53,905","54,300","53,617","52,246","50,759","49,385"
20221017,"49,735","47,970","47,191","46,802","47,302","48,887","51,965","56,973","62,899","64,828","64,733","64,142","61,248","63,829","65,689","66,847","68,177","67,824","67,492","66,583","64,006","61,532","59,150","57,678"
20221018,"56,726","54,458","53,879","52,993","52,990","55,273","57,641","60,045","61,369","59,503","58,614","56,935","55,147","58,816","61,283","63,536","66,183","65,925","66,593","65,795","63,711","63,037","60,761","60,278"
20221019,"55,326","53,258","52,179","51,693","52,090","53,573","56,341","59,647","62,275","61,007","58,815","56,836","53,949","56,928","58,899","61,353","64,986","65,925","66,493","65,094","63,210","61,536","59,559","58,777"
20221020,"55,523","53,856","53,177","52,989","52,888","54,372","57,339","60,443","61,971","59,410","57,328","54,951","51,368","55,040","57,109","60,262","63,794","66,429","66,691","65,871","64,192","62,817","60,744","60,067"
20221021,"54,834","52,863","52,283","51,995","52,093","53,675","55,945","59,323","62,033","60,842","59,956","58,877","56,808","60,484","62,652","64,409","66,455","65,806","65,475","64,976","62,797","61,023","59,153","58,374"
20221022,"55,634","53,363","52,083","51,895","51,894","52,975","54,245","53,520","53,608","51,510","50,618","49,225","47,438","49,419","50,407","52,484","55,050","55,607","57,475","56,876","56,497","55,824","54,754","53,575"
20221023,"51,033","49,360","48,381","47,893","47,894","48,482","49,068","49,082","48,712","47,952","47,759","46,874","46,867","48,135","49,205","50,461","52,305","54,250","56,113","56,210","55,623","54,647","53,474","52,300"
20221024,"49,248","47,475","46,394","46,105","46,703","48,587","51,858","56,352","60,476","59,700","58,314","56,528","53,643","56,416","58,383","61,136","64,776","66,229","66,800","65,501","63,520","61,445","59,573","58,393"
20221025,"53,943","51,472","50,593","50,605","50,603","52,785","55,553","58,637","60,752","59,076","57,289","54,706","51,923","54,288","56,756","60,015","63,765","66,312","67,279","66,580","64,601","62,429","61,260","59,981"
20221026,"56,038","53,965","52,986","52,698","53,196","54,677","57,644","60,719","62,524","60,849","59,572","57,699","54,515","57,480","59,254","62,416","65,964","67,407","67,573","66,270","64,091","62,518","60,946","60,269"
20221027,"55,621","53,549","52,373","52,085","52,674","54,055","56,920","61,010","64,106","63,523","61,749","60,270","57,589","60,075","61,672","63,752","66,182","66,821","66,987","65,670","63,986","61,811","60,351","59,373"
20221028,"54,425","52,552","51,376","50,887","51,687","52,869","55,437","58,512","60,344","58,283","56,717","55,041","52,645","55,313","57,992","60,748","64,374","65,915","66,385","64,880","63,097","61,723","59,450","58,470"
20221029,"54,805","52,841","51,568","50,877","50,983","51,766","52,843","53,108","52,529","50,463","49,483","47,702","46,105","47,618","48,893","51,151","53,873","55,515","56,881","56,593","56,107","55,429","54,457","53,773"
20221030,"51,507","49,843","49,065","48,578","48,678","49,264","49,747","49,608","48,636","47,374","46,881","45,896","45,488","46,304","47,184","48,737","51,180","53,415","54,966","55,001","54,614","53,935","53,151","52,377"
20221031,"49,942","48,068","47,188","47,000","47,696","49,678","53,047","57,336","60,658","59,892","58,572","56,996","54,393","57,197","59,172","61,432","64,875","66,715","66,981","65,481","63,601","61,926","60,254","59,376"
20221101,"54,935","52,964","52,285","51,698","52,095","53,977","56,144","59,828","63,174","62,604","61,427","60,843","58,358","61,433","63,297","64,350","66,670","67,018","66,186","65,197","62,911","61,034","58,758","58,077"
20221102,"53,623","51,852","51,873","50,685","51,581","53,363","55,431","59,224","61,771","60,301","58,135","56,449","54,662","58,034","60,597","62,350","65,965","66,515","66,783","65,900","63,813","62,236","60,263","59,081"
20221103,"55,535","53,462","52,381","51,990","52,487","54,269","57,338","61,215","64,264","62,898","61,130","58,448","55,262","58,826","61,288","63,538","66,761","67,310","67,283","65,587","63,906","62,230","60,354","59,676"
20221104,"56,244","54,272","52,691","52,901","53,698","55,479","57,947","60,719","63,551","62,283","60,521","59,546","57,269","60,237","62,598","64,647","67,467","67,515","66,887","65,792","64,111","62,836","61,361","61,084"
20221105,"56,701","54,843","53,972","53,185","53,387","53,963","55,435","55,824","54,768","52,293","51,532","50,150","48,562","49,529","50,393","52,056","54,373","56,903","57,960","58,168","57,884","57,310","56,540","56,759"
20221106,"50,912","48,749","47,475","46,990","47,089","48,075","48,951","48,655","46,926","44,466","43,700","42,414","42,115","43,383","44,846","47,390","50,800","53,729","55,680","55,585","55,100","54,326","53,154","52,081"
20221107,"50,135","48,163","47,183","46,992","47,790","49,871","53,438","57,925","61,574","60,709","59,137","57,451","54,956","58,290","60,555","62,811","66,012","67,660","67,331","65,744","63,764","62,091","60,528","59,351"
20221108,"55,999","53,934","52,857","52,366","52,870","54,548","57,610","61,720","65,270","64,308","62,745","60,361","57,671","60,830","62,289","64,742","67,566","67,610","67,775","66,078","63,895","61,920","60,341","59,867"
20221109,"56,114","54,250","52,972","52,581","52,684","54,362","56,913","59,708","62,459","61,095","60,427","58,738","56,739","60,703","63,266","65,530","67,777","67,819","66,785","65,093","63,611","61,835","60,375","59,098"
20221110,"56,713","54,445","53,764","52,978","53,678","54,860","57,827","61,387","64,274","63,797","62,808","61,498","59,412","62,920","64,816","65,987","68,039","67,298","66,771","65,880","63,395","61,623","59,947","59,168"
20221111,"53,918","52,750","51,770","50,985","51,487","53,171","56,041","59,612","63,325","63,340","62,352","61,457","59,161","62,542","64,813","66,183","67,437","66,510","66,172","64,273","62,487","60,618","59,749","58,374"
20221112,"55,127","52,854","51,872","51,680","51,277","51,860","52,130","54,006","55,347","54,470","55,489","55,793","55,684","57,354","59,330","59,410","59,266","58,916","60,090","59,693","58,307","57,230","55,953","54,574"
20221113,"52,992","51,723","50,945","50,655","50,753","51,240","51,821","51,616","50,248","48,480","48,029","47,255","47,064","47,656","48,626","50,177","52,397","54,230","55,290","55,191","54,902","54,523","54,044","53,564"
20221114,"51,315","49,342","48,360","48,168","48,865","50,948","54,717","59,685","63,996","63,196","61,998","60,012","56,726","59,906","61,992","64,275","67,548","67,901","66,975","65,578","64,093","62,516","60,839","60,560"
20221115,"58,082","55,816","54,440","53,950","54,647","56,328","59,797","63,983","67,577","65,875","63,471","60,688","57,406","61,089","63,578","65,963","68,819","68,163","67,640","65,954","64,971","63,597","61,717","61,548"
20221116,"57,863","55,798","54,523","54,034","54,639","56,220","59,489","63,371","66,768","65,168","62,996","60,310","57,225","60,695","62,982","65,267","67,930","67,374","66,852","65,262","64,379","63,004","61,338","61,168"
20221117,"57,784","55,516","54,739","54,250","54,447","56,527","59,097","62,876","65,868","64,973","63,295","61,912","59,230","62,611","65,397","67,182","69,151","67,994","67,468","65,480","63,695","62,421","60,850","60,876"
20221118,"56,821","54,749","53,569","53,280","53,777","55,260","58,230","62,101","66,010","64,418","62,307","60,321","57,230","60,212","62,100","64,187","67,152","66,895","66,169","64,887","63,701","62,324","60,657","60,690"
20221119,"57,287","54,818","53,838","52,950","53,651","54,635","55,612","55,998","56,688","55,377","54,476","53,784","51,994","53,991","55,588","56,579","57,550","57,603","58,380","58,186","57,099","56,420","55,938","56,256"
20221120,"51,584","49,613","48,636","48,047","48,245","48,931","49,709","49,698","49,103","48,306","48,108","47,312","47,114","47,612","48,405","49,792","51,958","54,299","55,368","55,069","54,685","54,006","53,326","52,843"
20221121,"51,932","50,062","49,081","48,892","49,482","51,467","55,035","59,907","65,488","66,287","65,542","63,373","60,104","63,261","64,154","65,436","68,031","67,974","67,350","65,969","64,686","62,810","61,235","61,156"
20221122,"56,805","54,235","53,554","53,065","53,661","55,646","58,114","62,178","67,157","67,753","66,653","65,579","63,106","66,587","68,484","69,171","71,236","69,383","68,460","66,568","64,484","63,007","60,929","60,449"
20221123,"56,321","54,150","52,869","52,879","52,971","54,051","57,919","61,882","67,871","68,169","66,645","65,059","62,578","65,965","67,056","68,046","69,209","67,961","66,540","64,856","63,970","61,293","60,216","59,638"
20221124,"57,510","55,842","53,863","53,870","54,167","55,950","59,415","63,479","66,569","64,765","63,269","61,284","57,508","61,490","64,384","66,572","69,446","69,489","68,363","67,068","65,082","63,807","61,931","62,151"
20221125,"56,688","54,928","53,757","53,770","54,268","55,346","58,305","63,187","67,050","66,847","65,873","64,689","61,913","65,094","66,889","67,683","68,554","66,795","65,671","64,179","63,098","61,624","60,457","60,178"
20221126,"58,106","55,645","53,568","53,279","53,372","54,454","56,229","57,640","56,630","54,635","54,117","51,667","50,012","51,170","54,141","55,934","57,155","60,297","59,670","58,770","58,786","57,709","56,987","57,224"
20221127,"53,973","51,515","50,247","49,563","49,857","50,737","51,805","51,966","51,355","50,040","49,609","48,804","48,509","49,388","50,279","51,862","54,394","57,142","58,518","58,185","57,705","56,933","56,252","55,673"
20221128,"52,010","50,042","48,963","48,770","49,467","51,450","55,215","60,577","65,865","65,658","64,462","62,577","59,801","63,284","65,179","66,169","68,544","68,288","67,662","66,067","64,681","62,906","61,230","61,151"
20221129,"57,224","54,752","53,571","53,480","54,168","55,455","58,628","64,467","71,567","71,866","71,224","69,640","67,054","70,024","71,724","71,621","72,684","71,027","69,500","67,120","66,531","63,553","62,268","62,782"
20221130,"58,631","55,766","55,690","55,302","55,199","57,783","60,749","65,611","72,412","71,712","69,658","69,378","67,396","70,051","72,347","72,942","77,593","76,424","74,390","72,837","69,550","68,575","66,510","67,227"
20221201,"62,457","60,303","58,527","58,941","58,559","59,542","63,004","68,907","74,575","75,460","75,020","72,930","70,352","74,432","75,920","76,796","79,370","77,426","75,916","73,460","70,874","68,100","66,339","67,554"
20221202,"64,099","61,936","59,958","59,971","60,384","62,166","65,430","69,305","75,750","74,331","73,548","71,459","67,381","72,269","74,961","76,549","78,902","76,071","73,372","70,685","69,807","66,636","66,267","67,281"
20221203,"62,522","59,661","57,989","57,904","57,715","58,796","60,369","62,229","64,831","64,319","64,531","62,340","60,150","62,057","63,157","64,350","65,135","63,862","64,330","63,445","63,358","61,079","61,496","61,611"
20221204,"59,943","57,576","56,199","55,612","55,910","56,794","57,970","58,238","57,051","54,355","53,452","51,858","51,357","53,060","55,251","57,234","59,689","62,430","63,806","63,505","63,022","62,345","61,762","61,282"
20221205,"57,217","54,955","53,675","53,191","54,185","56,269","60,825","67,160","74,128","74,821","74,554","74,160","71,675","75,163","76,356","76,539","78,102","76,455","74,745","72,673","70,887","68,915","67,034","67,656"
20221206,"64,493","62,135","61,062","60,878","61,293","62,472","66,331","71,388","78,045","77,857","76,374","73,086","69,715","72,998","75,300","76,616","79,036","76,948","74,630","72,140","70,268","67,400","65,822","66,940"
20221207,"65,600","62,737","61,860","61,075","61,380","62,662","65,726","71,383","77,646","76,358","74,453","71,764","67,892","71,206","73,606","75,420","78,424","77,146","75,030","72,532","71,457","68,385","66,516","67,832"
20221208,"64,708","62,344","60,666","60,274","60,473","62,159","65,731","70,189","76,468","76,782","75,485","72,798","68,927","72,420","74,016","75,425","77,464","75,090","73,668","71,872","69,292","67,120","66,249","66,668"
20221209,"64,223","61,862","60,486","59,797","60,191","61,676","65,047","70,994","78,264","78,073","75,483","72,706","68,738","71,729","73,425","75,027","77,784","76,597","74,165","72,086","70,203","68,030","66,368","67,082"
20221210,"64,306","61,744","60,577","59,294","58,485","59,273","60,150","60,933","62,111","61,703","62,929","62,531","60,234","61,560","62,260","63,354","64,075","63,821","64,002","63,596","62,113","61,131","60,851","61,664"
20221211,"59,510","57,145","55,672","54,983","55,171","56,056","57,232","57,626","56,623","54,431","54,423","53,337","52,858","54,371","56,257","58,113","60,554","63,396","64,376","63,957","63,374","62,398","61,913","61,831"
20221212,"58,208","56,046","54,670","54,083","54,785","56,766","60,925","67,872","76,411","77,990","76,646","73,858","69,665","72,073","73,187","75,277","78,594","77,839","75,527","73,032","70,853","68,584","66,715","67,433"
20221213,"63,802","61,444","60,168","59,274","59,569","61,749","64,617","69,972","78,031","78,934","78,633","76,555","73,483","77,073","79,678","80,176","80,234","78,871","75,153","72,465","70,979","68,100","66,723","67,329"
20221214,"67,163","64,408","62,732","62,039","62,632","64,411","68,178","74,534","82,690","82,891","80,342","76,866","71,497","74,309","76,015","77,616","80,060","79,190","77,071","74,901","73,216","71,038","69,374","70,380"
20221215,"69,229","66,271","64,701","63,709","63,918","65,296","68,562","73,441","82,208","83,224","83,109","81,227","77,957","81,964","84,260","84,153","84,998","81,524","79,213","76,822","74,546","71,875","70,612","71,724"
20221216,"68,495","65,830","64,656","63,466","63,948","65,525","68,683","75,625","84,167","85,570","85,164","82,689","78,621","81,314","83,707","83,989","85,343","83,675","79,870","77,379","75,508","72,243","70,173","71,099"
20221217,"67,726","65,168","63,402","61,521","61,709","62,596","63,371","65,735","69,728","70,431","70,860","69,671","66,482","66,985","67,678","68,767","70,165","70,299","69,580","68,492","67,408","66,029","64,950","66,365"
20221218,"66,103","63,449","61,875","61,090","61,301","62,178","63,244","63,832","62,736","59,552","58,572","56,688","55,799","57,004","58,997","61,869","65,508","69,114","70,175","69,984","69,401","68,624","68,164","68,382"
20221219,"61,862","59,413","57,945","57,565","58,360","60,636","65,487","73,115","82,855","83,549","82,319","80,606","77,943","81,609","83,124","84,310","85,615","83,462","80,645","78,155","75,484","72,921","70,846","71,664"
20221220,"68,719","65,973","64,307","64,332","64,525","65,401","69,351","75,701","83,741","85,352","85,099","82,103","78,156","80,771","82,369","83,843","85,261","82,302","78,300","75,820","74,650","71,486","69,923","70,641"
20221221,"69,185","66,528","65,255","65,075","64,579","65,060","68,420","75,450","85,196","87,702","87,988","87,392","84,424","87,915","87,914","88,293","87,435","84,682","80,380","77,389","75,016","71,950","69,976","72,292"
20221222,"70,140","67,181","65,899","64,909","65,206","66,185","69,746","75,286","83,453","87,490","88,135","86,956","83,392","86,859","88,857","89,247","89,015","87,337","83,315","81,043","78,271","74,610","72,738","74,665"
20221223,"68,869","67,218","65,354","64,666","65,665","67,244","71,796","78,266","86,390","88,482","87,043","84,011","78,133","80,495","82,470","83,428","86,670","86,698","83,080","80,422","77,048","74,186","71,835","73,555"
20221224,"70,054","68,091","66,421","65,436","65,014","65,201","67,175","68,070","70,529","70,519","71,170","70,007","67,930","70,102","70,272","70,028","71,369","72,519","72,410","71,983","71,204","68,928","68,572","69,382"
20221225,"68,765","66,800","65,521","64,632","64,614","65,101","65,778","66,251","66,235","65,154","65,104","64,160","63,364","63,630","64,289","65,828","68,528","71,058","71,935","71,585","70,804","69,829","69,570","69,882"
20221226,"64,525","62,372","61,007","60,426","60,524","62,500","66,946","74,653","84,793","87,523","86,803","84,740","80,464","83,143","84,503","85,939","87,953","86,004","82,708","79,630","76,768","74,012","71,943","72,784"
20221227,"69,821","67,356","65,381","65,193","64,789","66,573","70,139","76,081","84,314","85,014","83,143","80,800","76,307","79,718","81,269","82,995","84,456","82,532","78,441","75,760","74,688","71,823","70,049","71,164"
20221228,"68,526","65,759","64,882","63,993","63,889","65,475","68,943","75,689","84,121","85,608","84,609","82,369","78,179","81,110","82,869","83,908","85,353","83,730","79,939","76,950","75,377","72,511","70,763","71,378"
20221229,"69,020","66,356","64,978","64,292","64,288","65,672","69,638","75,881","84,526","86,349","85,254","83,501","78,716","81,926","83,590","84,434","85,951","84,206","80,408","77,468","75,593","73,024","71,595","72,009"
20221230,"68,224","65,859","64,090","63,407","63,807","65,390","68,852","74,398","82,242","83,264","82,060","79,025","74,837","78,220","79,382","80,821","82,431","80,266","77,452","75,072","73,203","71,033","69,651","70,068"
20221231,"66,422","64,059","62,386","61,400","61,091","61,580","62,558","63,267","63,735","61,355","60,366","57,927","55,953","56,365","56,999","59,321","62,633","65,476","66,366","65,774","64,797","63,921","63,850","64,668"
